<?xml version='1.0' encoding='UTF-8'?>
<package version="0.0.0" uuid="regueton-893fe2" installOnlyAtStartup="false">
 <names>
  <name lang="en_US">Untitled</name>
 </names>
 <supportedLanguages>
  <language>en_US</language>
 </supportedLanguages>
 <descriptionLanguages>
  <language>en_US</language>
 </descriptionLanguages>
 <contents>
  <behaviorContent path="behavior_1">
   <userRequestable/>
   <nature>interactive</nature>
   <names>
    <name lang="en_US">Bialando</name>
   </names>
   <permissions/>
  </behaviorContent>
 </contents>
</package>
