<?xml version='1.0' encoding='UTF-8'?>
<package version="0.0.0" installOnlyAtStartup="false" uuid="ejercicios1">
 <names>
  <name lang="en_US">Ejercicios</name>
  <name lang="es_ES">Iniciar sesión de jercicios</name>
 </names>
 <supportedLanguages>
  <language>en_US</language>
  <language>es_ES</language>
 </supportedLanguages>
 <descriptionLanguages>
  <language>en_US</language>
  <language>es_ES</language>
 </descriptionLanguages>
 <contents>
  <behaviorContent path="behavior_1">
   <userRequestable/>
   <nature>interactive</nature>
   <permissions/>
  </behaviorContent>
  <dialogContent typeVersion="1.0" topicName="ExampleDialog">
   <topic path="behavior_1/ExampleDialog/ExampleDialog_enu.top" language="en_US"/>
   <topic path="behavior_1/ExampleDialog/ExampleDialog_spe.top" language="es_ES"/>
  </dialogContent>
  <dialogContent typeVersion="1.0" topicName="Hola">
   <topic path="Hola/Hola_spe.top" language="es_ES"/>
  </dialogContent>
 </contents>
</package>
