<?xml version='1.0' encoding='UTF-8'?>
<package installOnlyAtStartup="false" uuid="goldendance" version="0.0.0">
 <names>
  <name lang="en_US">Golden dance</name>
  <name lang="es_ES">reproducir golden de Huntrix</name>
 </names>
 <supportedLanguages>
  <language>en_US</language>
  <language>es_ES</language>
 </supportedLanguages>
 <descriptionLanguages>
  <language>en_US</language>
  <language>es_ES</language>
 </descriptionLanguages>
 <contents>
  <behaviorContent path="behavior_1">
   <nature>interactive</nature>
   <names>
    <name lang="en_US">Golden baile</name>
    <name lang="es_ES">baile 2</name>
   </names>
   <triggerSentences>
    <sentence lang="es_ES">bailar Golden</sentence>
    <sentence lang="es_ES">baile 2</sentence>
   </triggerSentences>
   <permissions/>
  </behaviorContent>
 </contents>
</package>
