<?xml version='1.0' encoding='UTF-8'?>
<package installOnlyAtStartup="false" version="0.0.0" uuid="imitacion-f5ffbe">
 <names>
  <name lang="en_US">Imitacion</name>
 </names>
 <supportedLanguages>
  <language>en_US</language>
  <language>es_ES</language>
 </supportedLanguages>
 <descriptionLanguages>
  <language>en_US</language>
  <language>es_ES</language>
 </descriptionLanguages>
 <contents>
  <behaviorContent path="behavior_1">
   <userRequestable/>
   <nature>interactive</nature>
   <names>
    <name lang="en_US">imitacion</name>
   </names>
   <autonomous/>
   <permissions/>
  </behaviorContent>
 </contents>
</package>
