<?xml version='1.0' encoding='UTF-8'?>
<package installOnlyAtStartup="false" version="0.0.0" uuid="despedida-afd07c">
 <names>
  <name lang="en_US">Despedida</name>
 </names>
 <supportedLanguages>
  <language>en_US</language>
 </supportedLanguages>
 <descriptionLanguages>
  <language>en_US</language>
 </descriptionLanguages>
 <contents>
  <behaviorContent path="behavior_1">
   <userRequestable/>
   <nature>interactive</nature>
   <names>
    <name lang="en_US">Despedida1</name>
   </names>
   <permissions/>
  </behaviorContent>
  <behaviorContent path="bienvenida">
   <nature>interactive</nature>
   <permissions/>
  </behaviorContent>
 </contents>
</package>
